{"cameraMode":{"drawMode":0,"name":"Shaded","section":"Shading Mode"},"sceneLighting":true,"audioPlay":false,"sceneViewState":{"m_AlwaysRefresh":false,"showFog":true,"showSkybox":true,"showFlares":true,"showImageEffects":true,"showParticleSystems":true,"showVisualEffectGraphs":true,"m_FxEnabled":true},"in2DMode":false,"pivot":{"x":-3.0268516540527345,"y":43.73285675048828,"z":-10.983930587768555},"rotation":{"x":0.5387022495269775,"y":0.0033700664062052967,"z":-0.0021546222269535066,"w":0.8424933552742004},"size":21.21377182006836,"orthographic":true}